[
   {
      "en-gb": "England",
      "cy": "Lloegr"
   },
   {
      "en-gb": "Wales",
      "cy": "Cymru"
   },
   {
      "en-gb": "Scotland",
      "cy": "Yr Alban"
   },
   {
      "en-gb": "Northern Ireland",
      "cy": "Gogledd Iwerddon"
   },
   {
      "en-gb": "Republic of Ireland",
      "cy": "Gweriniaeth Iwerddon"
   },
   {
      "en-gb": "Afghanistan",
      "cy": "Affganistan"
   },
   {
      "en-gb": "Åland Islands",
      "cy": "Ynysoedd Åland"
   },
   {
      "en-gb": "Albania",
      "cy": "Albania"
   },
   {
      "en-gb": "Algeria",
      "cy": "Algeria"
   },
   {
      "en-gb": "American Samoa",
      "cy": "Samoa Americanaidd"
   },
   {
      "en-gb": "Andorra",
      "cy": "Andorra"
   },
   {
      "en-gb": "Angola",
      "cy": "Angola"
   },
   {
      "en-gb": "Anguilla",
      "cy": "Anguilla"
   },
   {
      "en-gb": "Antigua and Barbuda",
      "cy": "Antigua a Barbuda"
   },
   {
      "en-gb": "Argentina",
      "cy": "Ariannin"
   },
   {
      "en-gb": "Armenia",
      "cy": "Armenia"
   },
   {
      "en-gb": "Aruba",
      "cy": "Aruba"
   },
   {
      "en-gb": "Australia",
      "cy": "Awstralia"
   },
   {
      "en-gb": "Austria",
      "cy": "Awstria"
   },
   {
      "en-gb": "Azerbaijan",
      "cy": "Azerbaijan"
   },
   {
      "en-gb": "Barbados",
      "cy": "Barbados"
   },
   {
      "en-gb": "Bahrain",
      "cy": "Bahrain"
   },
   {
      "en-gb": "Bangladesh",
      "cy": "Bangladesh"
   },
   {
      "en-gb": "Belarus",
      "cy": "Belarws"
   },
   {
      "en-gb": "Belgium",
      "cy": "Gwlad Belg"
   },
   {
      "en-gb": "Belize",
      "cy": "Belize"
   },
   {
      "en-gb": "Benin",
      "cy": "Benin"
   },
   {
      "en-gb": "Bermuda",
      "cy": "Bermuda"
   },
   {
      "en-gb": "Bhutan",
      "cy": "Bhutan"
   },
   {
      "en-gb": "Bolivia",
      "cy": "Bolifia"
   },
   {
      "en-gb": "Bonaire, Sint Eustatius and Saba",
      "cy": "Bonaire, Sint Eustatius a Saba"
   },
   {
      "en-gb": "Bosnia and Herzegovina",
      "cy": "Bosnia a Herzegovina"
   },
   {
      "en-gb": "Botswana",
      "cy": "Botswana"
   },
   {
      "en-gb": "Bouvet Island",
      "cy": "Ynys Bouvet"
   },
   {
      "en-gb": "Brazil",
      "cy": "Brasil"
   },
   {
      "en-gb": "British Indian Ocean Territory",
      "cy": "Tiriogaeth Brydeinig Cefnfor India"
   },
   {
      "en-gb": "British Virgin Islands",
      "cy": "Ynysoedd Prydeinig y Wyryf"
   },
   {
      "en-gb": "Brunei",
      "cy": "Brunei"
   },
   {
      "en-gb": "Bulgaria",
      "cy": "Bwlgaria"
   },
   {
      "en-gb": "Burkina Faso",
      "cy": "Burkina Faso"
   },
   {
      "en-gb": "Burundi",
      "cy": "Burundi"
   },
   {
      "en-gb": "Cambodia",
      "cy": "Cambodia"
   },
   {
      "en-gb": "Cameroon",
      "cy": "Cameroon"
   },
   {
      "en-gb": "Canada",
      "cy": "Canada"
   },
   {
      "en-gb": "Canary Islands",
      "cy": "Yr Ynysoedd Dedwydd"
   },
   {
      "en-gb": "Cape Verde",
      "cy": "Cabo Verde"
   },
   {
      "en-gb": "Cayman Islands",
      "cy": "Ynysoedd Cayman"
   },
   {
      "en-gb": "Central African Republic",
      "cy": "Gweriniaeth Canol Affrica"
   },
   {
      "en-gb": "Chad",
      "cy": "Chad"
   },
   {
      "en-gb": "Channel Islands",
      "cy": "Ynysoedd y Sianel"
   },
   {
      "en-gb": "Chile",
      "cy": "Chile"
   },
   {
      "en-gb": "China",
      "cy": "Tsieina"
   },
   {
      "en-gb": "Christmas Island",
      "cy": "Ynys y Nadolig"
   },
   {
      "en-gb": "Cocos (Keeling) Islands",
      "cy": "Ynysoedd Cocos (Keeling)"
   },
   {
      "en-gb": "Colombia",
      "cy": "Colombia"
   },
   {
      "en-gb": "Comoros",
      "cy": "Comoros"
   },
   {
      "en-gb": "Congo",
      "cy": "Congo"
   },
   {
      "en-gb": "Congo (Democratic Republic)",
      "cy": "Congo (Gweriniaeth Ddemocrataidd)"
   },
   {
      "en-gb": "Cook Islands",
      "cy": "Ynysoedd Cook"
   },
   {
      "en-gb": "Costa Rica",
      "cy": "Costa Rica"
   },
   {
      "en-gb": "Croatia",
      "cy": "Croatia"
   },
   {
      "en-gb": "Cuba",
      "cy": "Cuba"
   },
   {
      "en-gb": "Curaçao",
      "cy": "Curaçao"
   },
   {
      "en-gb": "Cyprus",
      "cy": "Cyprus"
   },
   {
      "en-gb": "Czechia",
      "cy": "Czechia"
   },
   {
      "en-gb": "Denmark",
      "cy": "Denmarc"
   },
   {
      "en-gb": "Djibouti",
      "cy": "Djibouti"
   },
   {
      "en-gb": "Dominica",
      "cy": "Dominica"
   },
   {
      "en-gb": "Dominican Republic",
      "cy": "Gweriniaeth Dominica"
   },
   {
      "en-gb": "East Timor",
      "cy": "Dwyrain Timor"
   },
   {
      "en-gb": "Ecuador",
      "cy": "Ecuador"
   },
   {
      "en-gb": "Egypt",
      "cy": "Yr Aifft"
   },
   {
      "en-gb": "El Salvador",
      "cy": "El Salvador"
   },
   {
      "en-gb": "Equatorial Guinea",
      "cy": "Guinea Gyhydeddol"
   },
   {
      "en-gb": "Eritrea",
      "cy": "Eritrea"
   },
   {
      "en-gb": "Estonia",
      "cy": "Estonia"
   },
   {
      "en-gb": "Eswatini",
      "cy": "Eswatini"
   },
   {
      "en-gb": "Ethiopia",
      "cy": "Ethiopia"
   },
   {
      "en-gb": "Falkland Islands",
      "cy": "Ynysoedd Falkland (Malvinas)"
   },
   {
      "en-gb": "Faroe Islands",
      "cy": "Ynysoedd Ffaro"
   },
   {
      "en-gb": "Fiji",
      "cy": "Ffiji"
   },
   {
      "en-gb": "Finland",
      "cy": "Y Ffindir"
   },
   {
      "en-gb": "France",
      "cy": "Ffrainc"
   },
   {
      "en-gb": "French Guiana",
      "cy": "Guiana Ffrengig"
   },
   {
      "en-gb": "French Polynesia",
      "cy": "Polynesia Ffrengig"
   },
   {
      "en-gb": "French Southern Territories",
      "cy": "Y Tiriogaethau Deheuol Ffrengig"
   },
   {
      "en-gb": "Gabon",
      "cy": "Gabon"
   },
   {
      "en-gb": "Georgia",
      "cy": "Georgia"
   },
   {
      "en-gb": "Germany",
      "cy": "Yr Almaen"
   },
   {
      "en-gb": "Ghana",
      "cy": "Ghana"
   },
   {
      "en-gb": "Gibraltar",
      "cy": "Gibraltar"
   },
   {
      "en-gb": "Greece",
      "cy": "Gwlad Groeg"
   },
   {
      "en-gb": "Greenland",
      "cy": "Kalaallit Nunaat (Greenland)"
   },
   {
      "en-gb": "Grenada",
      "cy": "Grenada"
   },
   {
      "en-gb": "Guadeloupe",
      "cy": "Guadeloupe"
   },
   {
      "en-gb": "Guam",
      "cy": "Guam"
   },
   {
      "en-gb": "Guatemala",
      "cy": "Guatemala"
   },
   {
      "en-gb": "Guinea",
      "cy": "Guinea"
   },
   {
      "en-gb": "Guinea-Bissau",
      "cy": "Guinea-Bissau"
   },
   {
      "en-gb": "Guyana",
      "cy": "Guyana"
   },
   {
      "en-gb": "Haiti",
      "cy": "Haiti"
   },
   {
      "en-gb": "Heard Island and McDonald Islands",
      "cy": "Ynysoedd Heard ac Ynysoedd McDonald"
   },
   {
      "en-gb": "Honduras",
      "cy": "Honduras"
   },
   {
      "en-gb": "Hong Kong",
      "cy": "Hong Kong"
   },
   {
      "en-gb": "Hungary",
      "cy": "Hwngari"
   },
   {
      "en-gb": "Iceland",
      "cy": "Gwlad yr Iâ"
   },
   {
      "en-gb": "India",
      "cy": "India"
   },
   {
      "en-gb": "Indonesia",
      "cy": "Indonesia"
   },
   {
      "en-gb": "Iran",
      "cy": "Iran"
   },
   {
      "en-gb": "Iraq",
      "cy": "Irac"
   },
   {
      "en-gb": "Isle of Man",
      "cy": "Ynys Manaw"
   },
   {
      "en-gb": "Israel",
      "cy": "Israel"
   },
   {
      "en-gb": "Italy",
      "cy": "Yr Eidal"
   },
   {
      "en-gb": "Ivory Coast",
      "cy": "Y Traeth Ifori"
   },
   {
      "en-gb": "Jamaica",
      "cy": "Jamaica"
   },
   {
      "en-gb": "Japan",
      "cy": "Japan"
   },
   {
      "en-gb": "Jordan",
      "cy": "Gwlad yr Iorddonen"
   },
   {
      "en-gb": "Kazakhstan",
      "cy": "Kazakhstan"
   },
   {
      "en-gb": "Kenya",
      "cy": "Kenya"
   },
   {
      "en-gb": "Kiribati",
      "cy": "Kiribati"
   },
   {
      "en-gb": "Kosovo",
      "cy": "Kosovo"
   },
   {
      "en-gb": "Kuwait",
      "cy": "Kuwait"
   },
   {
      "en-gb": "Kyrgyzstan",
      "cy": "Kyrgyzstan"
   },
   {
      "en-gb": "Laos",
      "cy": "Laos"
   },
   {
      "en-gb": "Latvia",
      "cy": "Latfia"
   },
   {
      "en-gb": "Lebanon",
      "cy": "Libanus"
   },
   {
      "en-gb": "Lesotho",
      "cy": "Lesotho"
   },
   {
      "en-gb": "Liberia",
      "cy": "Liberia"
   },
   {
      "en-gb": "Libya",
      "cy": "Libya"
   },
   {
      "en-gb": "Liechtenstein",
      "cy": "Liechtenstein"
   },
   {
      "en-gb": "Lithuania",
      "cy": "Lithwania"
   },
   {
      "en-gb": "Luxembourg",
      "cy": "Lwcsembwrg"
   },
   {
      "en-gb": "Macao ",
      "cy": "Macao "
   },
   {
      "en-gb": "Madagascar",
      "cy": "Madagasgar"
   },
   {
      "en-gb": "Malawi",
      "cy": "Malawi"
   },
   {
      "en-gb": "Malaysia",
      "cy": "Malaysia"
   },
   {
      "en-gb": "Maldives",
      "cy": "Maldives"
   },
   {
      "en-gb": "Mali",
      "cy": "Mali"
   },
   {
      "en-gb": "Malta",
      "cy": "Malta"
   },
   {
      "en-gb": "Marshall Islands",
      "cy": "Ynysoedd Marshall"
   },
   {
      "en-gb": "Martinique",
      "cy": "Martinique"
   },
   {
      "en-gb": "Mauritania",
      "cy": "Mauritania"
   },
   {
      "en-gb": "Mauritius",
      "cy": "Mauritius"
   },
   {
      "en-gb": "Mayotte",
      "cy": "Mayotte"
   },
   {
      "en-gb": "Mexico",
      "cy": "Mecsico"
   },
   {
      "en-gb": "Micronesia",
      "cy": "Micronesia"
   },
   {
      "en-gb": "Moldova",
      "cy": "Moldofa"
   },
   {
      "en-gb": "Monaco",
      "cy": "Monaco"
   },
   {
      "en-gb": "Mongolia",
      "cy": "Mongolia"
   },
   {
      "en-gb": "Montenegro",
      "cy": "Montenegro"
   },
   {
      "en-gb": "Montserrat",
      "cy": "Montserrat"
   },
   {
      "en-gb": "Morocco",
      "cy": "Moroco"
   },
   {
      "en-gb": "Mozambique",
      "cy": "Mozambique"
   },
   {
      "en-gb": "Myanmar (Burma)",
      "cy": "Myanmar (Burma)"
   },
   {
      "en-gb": "Namibia",
      "cy": "Namibia"
   },
   {
      "en-gb": "Nauru",
      "cy": "Nauru"
   },
   {
      "en-gb": "Nepal",
      "cy": "Nepal"
   },
   {
      "en-gb": "The Netherlands",
      "cy": "Yr Iseldiroedd"
   },
   {
      "en-gb": "New Caledonia",
      "cy": "Caledonia Newydd"
   },
   {
      "en-gb": "New Zealand",
      "cy": "Seland Newydd"
   },
   {
      "en-gb": "Nicaragua",
      "cy": "Nicaragua"
   },
   {
      "en-gb": "Niger",
      "cy": "Niger"
   },
   {
      "en-gb": "Nigeria",
      "cy": "Nigeria"
   },
   {
      "en-gb": "Niue",
      "cy": "Niue"
   },
   {
      "en-gb": "Norfolk Island",
      "cy": "Ynys Norfolk"
   },
   {
      "en-gb": "North Korea",
      "cy": "Gogledd Korea"
   },
   {
      "en-gb": "North Macedonia",
      "cy": "Gogledd Macedonia"
   },
   {
      "en-gb": "Northern Mariana Islands",
      "cy": "Ynysoedd Gogleddol Mariana"
   },
   {
      "en-gb": "Norway",
      "cy": "Norwy"
   },
   {
      "en-gb": "Occupied Palestinian Territories",
      "cy": "Tiriogaethau Meddianedig Palesteina"
   },
   {
      "en-gb": "Oman",
      "cy": "Oman"
   },
   {
      "en-gb": "Pakistan",
      "cy": "Pacistan"
   },
   {
      "en-gb": "Palau",
      "cy": "Palau"
   },
   {
      "en-gb": "Panama",
      "cy": "Panama"
   },
   {
      "en-gb": "Papua New Guinea",
      "cy": "Papua Guinea Newydd"
   },
   {
      "en-gb": "Paraguay",
      "cy": "Paraguay"
   },
   {
      "en-gb": "Peru",
      "cy": "Periw"
   },
   {
      "en-gb": "Philippines",
      "cy": "Pilipinas (Ynysoedd Philippines)"
   },
   {
      "en-gb": "Pitcairn, Henderson, Ducie and Oeno Islands",
      "cy": "Ynysoedd Pitcairn, Henderson, Ducie ac Oeno"
   },
   {
      "en-gb": "Poland",
      "cy": "Gwlad Pwyl"
   },
   {
      "en-gb": "Portugal",
      "cy": "Portiwgal"
   },
   {
      "en-gb": "Puerto Rico",
      "cy": "Puerto Rico"
   },
   {
      "en-gb": "Qatar",
      "cy": "Qatar"
   },
   {
      "en-gb": "Réunion",
      "cy": "Réunion"
   },
   {
      "en-gb": "Romania",
      "cy": "Rwmania"
   },
   {
      "en-gb": "Russia",
      "cy": "Rwsia"
   },
   {
      "en-gb": "Rwanda",
      "cy": "Rwanda"
   },
   {
      "en-gb": "Saint Martin (French part)",
      "cy": "Saint Martin (Rhan Ffrainc)"
   },
   {
      "en-gb": "Samoa",
      "cy": "Samoa"
   },
   {
      "en-gb": "San Marino",
      "cy": "San Marino"
   },
   {
      "en-gb": "São Tomé and Príncipe",
      "cy": "Sao Tome a Principe"
   },
   {
      "en-gb": "Saudi Arabia",
      "cy": "Saudi Arabia"
   },
   {
      "en-gb": "Senegal",
      "cy": "Senegal"
   },
   {
      "en-gb": "Serbia",
      "cy": "Serbia"
   },
   {
      "en-gb": "Seychelles",
      "cy": "Seychelles"
   },
   {
      "en-gb": "Sierra Leone",
      "cy": "Sierra Leone"
   },
   {
      "en-gb": "Singapore",
      "cy": "Singapore"
   },
   {
      "en-gb": "Sint Maarten (Dutch Part)",
      "cy": "Sint Maarten (Rhan yr Iseldiroedd)"
   },
   {
      "en-gb": "Slovakia",
      "cy": "Slofacia"
   },
   {
      "en-gb": "Slovenia",
      "cy": "Slofenia"
   },
   {
      "en-gb": "Solomon Islands",
      "cy": "Ynysoedd Solomon"
   },
   {
      "en-gb": "Somalia",
      "cy": "Somalia"
   },
   {
      "en-gb": "South Africa",
      "cy": "De Affrica"
   },
   {
      "en-gb": "South Georgia and the South Sandwich Islands",
      "cy": "De Georgia ac Ynysoedd Sandwich y De"
   },
   {
      "en-gb": "South Korea",
      "cy": "De Korea"
   },
   {
      "en-gb": "South Sudan",
      "cy": "De Sudan"
   },
   {
      "en-gb": "Spain (including Balearic Islands) ",
      "cy": "Sbaen (gan gynnwys Ynysoedd Baleares) "
   },
   {
      "en-gb": "Sri Lanka",
      "cy": "Sri Lanka"
   },
   {
      "en-gb": "St Barthélemy",
      "cy": "St Barthélemy"
   },
   {
      "en-gb": "St Helena, Ascension and Tristan da Cunha",
      "cy": "St Helena, Ascension a Tristan da Cunha"
   },
   {
      "en-gb": "St Kitts and Nevis",
      "cy": "St Kitts a Nevis"
   },
   {
      "en-gb": "St Lucia",
      "cy": "St Lucia"
   },
   {
      "en-gb": "St Pierre and Miquelon",
      "cy": "St Pierre a Miquelon"
   },
   {
      "en-gb": "St Vincent and the Grenadines",
      "cy": "St Vincent a'r Grenadines"
   },
   {
      "en-gb": "Sudan",
      "cy": "Sudan"
   },
   {
      "en-gb": "Suriname",
      "cy": "Suriname"
   },
   {
      "en-gb": "Svalbard and Jan Mayen",
      "cy": "Svalbard a Jan Mayen"
   },
   {
      "en-gb": "Sweden",
      "cy": "Sweden"
   },
   {
      "en-gb": "Switzerland",
      "cy": "Y Swistir"
   },
   {
      "en-gb": "Syria",
      "cy": "Syria"
   },
   {
      "en-gb": "Taiwan",
      "cy": "Taiwan"
   },
   {
      "en-gb": "Tajikistan",
      "cy": "Tajikistan"
   },
   {
      "en-gb": "Tanzania",
      "cy": "Tanzania"
   },
   {
      "en-gb": "Thailand",
      "cy": "Gwlad Thai"
   },
   {
      "en-gb": "The Bahamas",
      "cy": "Y Bahamas"
   },
   {
      "en-gb": "The Gambia",
      "cy": "Y Gambia"
   },
   {
      "en-gb": "Togo",
      "cy": "Togo"
   },
   {
      "en-gb": "Tokelau",
      "cy": "Tokelau"
   },
   {
      "en-gb": "Tonga",
      "cy": "Tonga"
   },
   {
      "en-gb": "Trinidad and Tobago",
      "cy": "Trinidad a Tobago"
   },
   {
      "en-gb": "Tunisia",
      "cy": "Tunisia"
   },
   {
      "en-gb": "Turkey",
      "cy": "Twrci"
   },
   {
      "en-gb": "Turkmenistan",
      "cy": "Turkmenistan"
   },
   {
      "en-gb": "Turks and Caicos Islands",
      "cy": "Ynysoedd Turks a Caicos"
   },
   {
      "en-gb": "Tuvalu",
      "cy": "Tuvalu"
   },
   {
      "en-gb": "Uganda",
      "cy": "Uganda"
   },
   {
      "en-gb": "Ukraine",
      "cy": "Ukrain"
   },
   {
      "en-gb": "United Arab Emirates",
      "cy": "Yr Emiraethau Arabaidd Unedig"
   },
   {
      "en-gb": "United States minor outlying islands",
      "cy": "Mân-ynysoedd Pellennig yr Unol Daleithiau"
   },
   {
      "en-gb": "United States of America",
      "cy": "Unol Daleithiau America"
   },
   {
      "en-gb": "United States Virgin Islands",
      "cy": "Ynysoedd Americanaidd Y Wyryf"
   },
   {
      "en-gb": "Uruguay",
      "cy": "Uruguay"
   },
   {
      "en-gb": "Uzbekistan",
      "cy": "Uzbekistan"
   },
   {
      "en-gb": "Vanuatu",
      "cy": "Vanuatu"
   },
   {
      "en-gb": "Vatican City",
      "cy": "Dinas y Fatican"
   },
   {
      "en-gb": "Venezuela",
      "cy": "Venezuela"
   },
   {
      "en-gb": "Vietnam",
      "cy": "Fiet-nam"
   },
   {
      "en-gb": "Wallis and Futuna",
      "cy": "Wallis a Futuna"
   },
   {
      "en-gb": "Western Sahara",
      "cy": "Gorllewin Sahara"
   },
   {
      "en-gb": "Yemen",
      "cy": "Yemen"
   },
   {
      "en-gb": "Zambia",
      "cy": "Zambia"
   },
   {
      "en-gb": "Zimbabwe",
      "cy": "Zimbabwe"
   }
]
